code,casting
nm10200499,Julia Rehwald
nm10902550,Christian Bridges
nm7326511,Olivia Scott Welch
nm3041058,Danyon Huntington
nm4150108,Elizabeth Scopel
nm12699509,Tayla Rogers
nm11238434,Maya Rogers
nm12699510,Meghan Packer
nm7711411,Marcelle LeBlanc
nm6185683,Emily Rudd
nm3806295,Paul Teal
nm12699788,Noah Garrett
nm11565149,Samir Decazza
nm10433542,Yury Sapronov
nm11313226,Bilal El Atreby
nm10801200,Zachary Shadrin
nm11934135,Steven Frebourg
nm12435979,Alain-Guy Aknin
nm10266320,Oleg Nemirovskiy
nm4741675,Christophe Dupuis
nm11801909,Guénaël Dumur
nm0128024,Anne-Charlotte Pontabry
nm3743244,Laura Sepul
nm9961115,Abraham Wapler
nm10702499,Ted Etienne
nm1694619,John Ostrander
nm12795827,Jaws
nm12795828,Crisp Ratt
nm3459297,Jared Leland Gore
nm6559213,Ynairaly Simo
nm0210087,Juan de Marcos González
nm5652008,Christian Ochoa
nm1260853,Gloria Calderon Kellett
nm3055239,Paloma Morales
nm3973728,Alex Lacamoire
nm10778487,David Baida
nm1655643,Florencia Cuenca
nm9337078,Susan Oliveras
nm9454203,Arianna Rosario
nm12371475,Arié Alimi
nm12371474,Myriam Ayad
nm7837302,Ludivine Bantigny
nm9747808,Benoît Barret
nm10821625,Taha Bouhafs
nm8096764,Anthony Caillé
nm12371468,Bertrand Cavallier
nm5571661,Monique Chemillier-Gendreau
nm11391780,Vanessa Codaccioni
nm4571797,Alain Damasio
nm6918606,Michel Forst
nm11266518,Romain Huët
nm5980145,Fabien Jobard
nm12371470,Vanessa Langard
nm10194883,Mathilde Larrère
nm12371472,Sébastien Maillet
nm12371469,Mélanie Ngoyé Gaham
nm12371467,Patrice Philippe
nm12371471,Manon Retourné
nm3794284,Patrice Ribeiro
nm8798064,Sebastian Roché
nm12371473,Rachida Sriti
nm5956260,Britt Baron
nm3216166,Alexander Bedria
nm8743480,Freddie Basnight
nm3479314,Josiah Lipscomb
nm2538061,Jessica Winther
nm1018933,Zach Sklar
nm11017692,Michaela Sasner
nm7595918,Sarah May Sommers
nm1539301,Trevor Gretzky
nm6682890,Austin Humble
nm11074938,Mark Rhynard
nm9335098,Trevor Brotherton
nm6530530,Tabitha Woodman
nm7281912,Francis Cronin
nm2184115,Dez
nm11828140,Angelina Garcia
nm11231471,Christina R Gregg
nm10198491,Kevin Kedgley
nm11412170,Jessica Mulkey
nm7468028,Eric Daniel Stumpp
nm10167323,Alzie Williams
nm11823671,Michelle L. Williams
nm4866613,Yacine N'Diaye
nm4961637,Raphaël Mingau Lopes
nm5661280,Donatienne de Croisoeüil
nm5661889,Manon Prévoteau
nm5661632,Anna Giunashvili
nm5661465,Alice Migeon
nm5661924,Jade Gourhand
nm5661754,Anne-Sophie Guillouart
nm5661684,Majid Amdaoui
nm5661779,Clémence Carron
nm5661597,Thierry Frau
nm6786824,Dan Dargan Carter
nm8224376,Simone Lockhart
nm7004279,Sulem Calderon
nm9585131,Caroline Paige
nm4415433,Philipp Maximilian
nm7044125,Romualdo Castillo
nm9559272,Hector Banos
nm12793390,Ismael Herrera
nm10676334,Zachary Golinger
nm9741130,Stefania Warwick
nm11555404,Alycia Ripley
nm9965865,Cristalis Bonilla
nm12571467,Domonic Taggart
nm10032602,Alice Sophie Malyukova
nm11240220,Dean Woodward
nm9542786,David Lundy
nm10999682,Michaela Pace
nm6132081,Joe Cappelli
nm8586210,Robert A. Coldicott
nm6627750,Michael Alan Collette
nm3264584,Chad Corbi
nm6277764,Lauren-Ashley Cristiano
nm0476117,Darryl Kurylo
nm2007163,Michaela Dietz
nm12871828,Harry Hissrich
nm7775467,Ry Chase
nm9384191,Liani Samuel
nm4447854,Lewis Young
nm4717792,Simona Zivkovska
nm11004715,Erin Jameson
nm10964538,Shaina West
nm5817969,Claudia Heinz
nm10929665,Fatou Bah
nm6159195,Lucy Jayne Murray
nm6434811,Lucy Cork
nm6041721,Eniko Fulop
nm9894422,Agel Aurélia
nm11430478,Zhane Samuels
nm10208270,Rio Grillo
nm9472318,Melanie Kiran
nm5317506,Adetinpo Thomas
nm0546540,Simone Mareuil
