"title","imdb"
"Être avec les abeilles","tt15336050"
"Nos liens","tt11280658"
"La cure","tt15101020"
"Là, où le temps s'est arrêté","tt15497988"
"Terra Libre","tt13373802"
"J'ai aimé vivre là","tt13394184"
"Poumon vert et tapis rouge","tt13322906"
"Abroad","tt13293048"
"Rien Ne Va Plus","tt14477134"
"La Voie normale","tt9643450"
"Adieu venus","tt15663190"
"Grandir c'est chouette !","tt15659944"
"La Prophétie","tt15710406"
"Raphaël Révélé","tt13408634"
"Joào de Deus, ombre et lumière","tt7535722"
"Les Dolomites d'Ilio","tt8274436"
"Mon fils Malik","tt8801348"
"Le périmètre de Kamsé","tt11640106"
"Faire face","tt15832220"
"Une maison","tt14036482"
"Partir?","tt10651178"
"Elles dansent","tt16163126"
"Permaculture en France, un art de vivre pour demain","tt16163432"
"Retourner à Sölöz","tt15669738"
"Soul Kids","tt15678802"
"Hikikomori","tt7146644"
"Les mots de Taj","tt15738560"
"Galatta Kalyanam / Atrangi Re","tt9766332"
"Unrelated","tt7752000"
