imdb_id,title
,Au dos de nos images
,"Arbres et forêts remarquables, un univers à explorer"
,La bataille de la plaine
,À la vie
,Tonton Manu
,Ici je vais pas mourir
,Ziyara
,En formation
,La grande aventure du Cirque Plume
,Thalli Pogathey
,La beauté du monde
,Monsieur Pigeon
,Noël et sa mère
,Tilo Koto
,Exhibition
,L'odyssée antarctique
,Traverser
,Rosy
,Le cygne des héros
,Ladakh - Songs of the water spirits
,Sans toi
,Tendre et saignant
,Asmodeus
,Paysan paysage
,Graines d'espoir
,Asmodeus
,Paysan paysage
,Graines d'espoir
,Jean Dupuy Ypudu
tt17093164,La jungle est mon jardin
